x,y
0.14338078951966338,-0.945363043225439
-0.9127667423207017,0.3688514127397096
0.6067765101269327,-0.7467647800857344
-0.33213239703425995,-0.9674608618302062
1.0131700516141844,0.6809207240994961
0.6078011077550484,-0.09383139699180686
0.06745103427887021,-0.9621109523840102
0.2306129034236335,-1.0002361918424458
0.7239135861874412,0.7528071443489448
-0.8987046451043574,0.2895993728013761
-0.5068489202848182,0.5343446867292877
0.940068192182416,-0.46593026570635654
-0.7787873396918839,-0.9893581080368664
0.33985437025665316,-0.6908523928858948
-1.058929474183917,0.3932000084589892
0.1355027992154481,0.94101531494872
-0.9330983516991149,-0.33318880158859715
0.7752731330353826,0.3286721917713387
0.44514619948744033,-0.8390619049436884
-0.8088838440496433,-0.8796294186075146
0.05523428877028665,-1.0859945701467422
-0.7692005830247027,0.9977696494721593
1.1567265981021178,-0.21540395992946654
0.8344263515420279,-0.6631716237463982
0.22379971187363729,-1.2415810358271895
0.36331903770795365,1.002014626546132
-1.0997115329978884,0.23335851538171046
0.9195521250254469,0.2596759051906495
0.5714175060474941,0.8327937417610748
-0.3656474575819085,-0.8173241642905255
-0.03778865506529463,-1.14781571522087
0.8061597501104978,-0.16689624771949357
-0.5124234954537248,0.9929244106897605
-0.6670132367148289,0.706198166858663
-1.1542430722079793,0.22352405410622658
0.4130204176213564,1.0331313694819357
0.871952418545379,0.9276177859400773
-1.0967130616223013,0.16872634624097396
0.11048288247571186,0.7561652886143728
-0.4779289669189823,-0.8669479869495745
-0.7607688792955085,0.31707187490476957
0.4578373911041163,-0.8005902731639114
-0.3771224947976132,-1.1672758499580898
-0.4184311645267884,1.0125811643630913
0.44234098281546824,-0.7782330374560504
0.28604869907419617,-0.798237086994744
-0.7640564529774938,0.6527453902576634
-0.19497882665381214,0.7939241971222849
-0.37010993396439534,-0.8196409044091416
0.6685099081156475,0.8055356709663325
0.3632122053394596,1.1156622640798817
1.0901468050465262,0.05046456222581185
0.15090262307822336,-0.6387227231306597
-0.5331248953620628,-0.8995400183057064
-0.2809968356148102,-0.9709622027385367
0.20379135217139394,-1.0423485677446367
-1.2012653847998775,0.317170914202239
-0.6271018010604085,-0.2890558289846334
0.5818016403790285,0.7014537739784246
0.8187199973132181,0.717513619515049
-0.3741514004224762,-0.6646915290000008
-1.2013060234097033,0.22059720842690678
-0.967840985149357,-0.4205279534621048
0.10605084715191465,-1.1219867484002781
-0.6058890310855275,-0.6847991373446088
-1.0590794631342029,-0.3706474780396447
-1.0809067936297532,-0.4217448022985044
-0.3441394846974988,0.9760387517866329
1.015814447927232,0.19919214394173626
-0.9593745325423761,0.40292418778435873
0.19210957652305763,0.8490353612922403
-0.8207643309275621,0.5315797353300148
0.5911078552584543,-0.7780476617672085
0.10653347460081948,1.0521293040012063
1.0736720722893163,0.4119073282487489
-0.1648078354467111,0.8249174335113646
-0.2654233213563612,0.9446689180245462
-0.6424235605731372,-1.0397642137817782
-0.8320258329518487,-0.31160443253050285
0.185310702014604,-0.8568530084429721
-0.5283090318090854,-0.8845916005996795
-0.9373196197390802,0.625131730494284
0.3921625080969753,-0.9217588195363609
0.5976722933858991,1.0398144413769053
1.117047733147512,0.1604983334262784
0.9507622315608264,0.6037731959663486
-0.18716226648513373,-1.0668241425299523
-1.310628457769029,0.3200832349400601
0.5127813692032265,0.8224681242493623
-0.6994565851253942,-0.004591659605834215
0.7145712922792117,1.0141848440869208
-0.3082013249334886,-0.8788717832123774
-0.9585816961727331,0.33726417590166313
-0.8773990914555806,0.8134013813524046
-0.24160158016681335,0.7202177559417667
-0.5549731722005952,-0.5930932310765391
-0.490956074358846,0.5798886101074295
0.7506394067710138,0.4609655887974487
0.7861220857212202,0.7198971148134953
1.0478651237265004,-0.25576830423043645
0.8743065187143668,-0.5658513339480727
-0.24491048536077348,-0.7490640870133674
-0.0650535639023689,0.6502384218980766
0.9893050206484705,-0.19403124429418997
0.16695199525359058,-0.9141127421015657
-0.22076981830339634,-1.045860752110204
-1.0498174484773228,0.34576876353953867
-0.142181850320023,1.010785210448677
0.9158766125425628,0.6342006844277955
0.8466615895698146,-0.5942303145222134
-1.0381030132806932,0.29611372616071613
0.263693694148621,0.8545386802081412
-0.33510869199901505,0.9135341242924584
-0.9045933063055935,-0.49154348526763286
0.4986897231949546,1.00628803512305
0.5842193278200902,-0.7375999239594102
0.057686921404934824,-1.0766307353306053
-0.18309070774631228,-0.9425052976436255
-0.894297410902956,0.40654686602971735
-0.7834730264246855,-0.8065407744785617
-0.6054282447050421,-0.3534332272963618
-0.4741060509249359,-0.6512301169685448
0.6707531992522776,0.39352786608933393
-0.5611170485958775,0.32801298176126675
0.8677294874179573,0.23220069823612485
-1.1116222632161152,0.04199125107661124
-0.4604353972291827,0.839261640382427
0.6335206097564989,0.8117073870662305
0.9263612309203729,0.7037854792844195
-1.021876374151747,-0.6274841839533847
0.4735232304704427,0.8689890223716313
1.072326504687577,-0.5453586125892522
-0.885140237516334,-0.49432349952903387
-0.4999424093584174,0.717367357317869
-0.7662275189333333,-0.4924680685996425
0.7699480524499966,0.11108006559374863
0.8375626612814673,-0.22315066996389588
-0.9404537983533685,0.10500288372963025
0.22885229014811984,-1.096919087710374
1.0919367945134544,0.6249228627631771
-0.7898892826011509,0.06637051906796701
-1.0571195092747698,0.061795109309589764
0.7803397396710258,-0.32135365557674733
-0.964245683976022,-0.46659348184792676
-0.96676825286749,0.16254163625349913
-0.07722162017136049,0.7212419405748016
-0.5586502323857429,0.9928686014163156
-0.9015906785451463,-0.11776933566982735
-0.8529791660310867,0.34448524461417857
0.8318086362691294,0.1136529771894984
0.4159440048791437,-0.8002109412131746
0.8456046246315729,-0.6460955665906003
0.618157222048661,0.7496093305923635
-0.9893999757077382,-0.34945201354194344
0.818324377944438,0.664732266238375
-0.5623547405628424,-1.0579219983597807
-0.18496438886295746,0.9303741894317512
-0.4195074750677471,-0.6557675549004212
-0.1671033601198335,-1.1479851370784444
0.1110852265628607,-0.9437616330386133
0.9098038250310769,0.7311544641701824
0.9136443222472104,-0.5325168463304233
0.12156003646579998,0.972763502676553
1.0233756152383777,0.24509614928714404
-1.216636665151844,-0.43674262245163054
-0.9033410018778875,0.9508579156208985
0.48559722034495634,-0.8860688400604733
0.36648725233890866,-0.9562016758808852
-0.47554465497290516,1.0596182888610597
0.8351931362160051,-0.25464646765691645
-0.26697503357961416,1.0154513776522005
-0.9916660410927908,-0.09409919506850715
-0.03923536314293861,1.0463508794538134
0.8052916884469644,-0.3422294332532343
0.38928216438363983,0.6545536317638538
0.6618006064468119,0.19186788121482262
-0.7641334225009443,0.33011693682579557
0.930130379565049,-0.04459270580708211
0.7430081301583038,-0.6015941920596218
-0.011287402187777922,-1.2905353138353817
0.9020299975689523,-0.7386896333909259
0.67097400390221,-0.5310301175999127
-1.0447787602771308,-0.12437907415216641
-0.3779211482702128,0.8595235135361355
0.13198697195816758,-0.9482034067909403
-0.5416342159325183,-0.8735003416560484
-0.7662349673263259,0.7792696577958201
0.7867747509787106,0.5308461295254464
-0.02338879750429223,-1.1593418287351185
-0.06481482042828693,0.8261707370377179
0.9230963256877595,-0.38703461905099684
0.07879755170270455,1.387415226814219
0.7409896768383061,0.7204012246428825
0.592751192572791,-1.060578951176752
0.5788046815559778,0.832243746013531
0.4673890131781616,0.9815141031766315
-0.804380208419926,-0.5796637554960041
0.6871336569782728,-0.6909257809866876
0.29163013767985624,0.8335334318024146
-0.3938973461195779,0.9889900766673221
0.1494546898320905,-0.8593702575631805
1.082650476716764,-0.19367782413574425
-1.162780441510364,-0.0054151195894030805
0.6523634393925798,0.8290983860472214
0.9533958933636634,0.08369744944438276
0.13615765852257583,1.0593807968007503
0.644849536391929,0.7026456699458473
-0.500655541939107,-1.0245492938382426
0.5229614496868302,0.502549084564051
-0.9489078978383467,-0.03776000342909498
-0.24063903623205984,-0.6588051568578694
-0.6771482621397366,-0.3784760718325076
0.37385001070929824,1.14509717602039
0.3783465754784047,-1.0693174817770874
-0.19237310389146225,-0.8710887925755314
-0.05357325515919331,-0.772769690021686
0.37744438876797604,0.40732884101049843
0.6545257445693112,0.6443551917047886
1.2243030749559514,-0.5991833467617871
-0.852164330906394,0.6391686256264443
-0.2882675586641958,0.8695259366640636
-1.0670112557258806,0.07666670746106524
-0.39866340801395794,-0.6539138156190645
0.918502800547449,-0.26295365213727995
-0.23038942292368858,0.9884263303258657
0.8789590517393202,-0.44918547346245585
1.1050028971452248,0.17401539028198018
-0.9890772184096379,-0.3574806027788549
-0.7329071600114732,-0.8206063262808285
0.705456576908027,0.5536073540012016
0.7214002104771102,0.8758213232545107
-1.0870710986406558,0.6055244101788323
0.8353167767786535,-0.17993833269343812
-0.7137441507100741,-0.4919254731147933
1.095637015648982,-0.490369275324146
0.32534330205512535,-0.9151897735045708
-1.1852379480729993,0.24637065640251624
0.2023083778331126,-0.9114367550508524
1.2106141315420105,0.13624662948146415
0.7891945511497613,0.6457605571553863
0.49714295406942854,-0.9120405024080946
0.3579867761349423,-1.1816719428752636
0.1029482056959915,0.9401145015228749
-0.8428313865837073,-0.16500641805474475
-0.7333260158636515,-0.5763600555601762
0.7198614856313933,-0.7887352291883853
-0.6101106149722333,-0.4617340673663248
-0.93442748980444,0.5720400711549529
-0.6466206995450635,0.6532851235257082
-1.0473461223861629,0.5263583009565761
-0.37037048567493297,-0.5229994895239096
0.5935688212385174,-0.6524007591886937
-0.7159062169048933,0.2133817630259207
0.011891722456133036,0.875984867150867
0.08681441252362809,1.0335101073906983
-0.024367212350661225,-0.9728108759933293
0.3907372738938362,-0.8790651946446542
0.7702414094754889,0.5996189254342381
0.9416998264084885,0.4185076601422147
-0.7036525780054037,-0.47455031156994104
0.6714312804725996,0.8789065634107648
0.49704914605033973,-0.980623412306263
-0.3914530501329973,0.9826553875294628
0.6701238467161367,0.8513888512471898
0.9183207883308431,-0.49758342181396414
0.660674712153975,1.1257065296328699
-0.21359906450982602,0.9635444253919893
0.5430458397917269,0.7842818388192068
0.663517385550297,0.5886102197450942
0.8377103783027128,0.11197214334206386
0.7645589983437073,0.27740579923531195
0.39520324821604086,0.7713295751949105
0.9342646368353549,0.32566528442738074
-0.8825992846120416,-0.5690531513775458
-0.42494787838213266,-0.9136852670381711
-0.6947269509289015,0.5485251829190517
-0.4702699702646597,1.0330217809332536
-1.1104626854058355,-0.03158917157235368
0.6901949526780223,-0.6901520887946282
0.5353945590526198,-0.725995565624628
1.0421367647496886,0.2919704376367068
0.4290063606551235,0.9344199459178438
0.06511812214247499,0.7800676797124686
0.003808727189482422,0.9897956336506835
-0.9369361787980732,-0.44978467374377334
-0.7480506334686026,0.43442427967327557
0.9796179875687785,0.31322919379189446
-0.5479650869023435,0.5575921075392232
-1.1870836510733274,-0.17849253337338408
0.9530755951968121,0.7078650553426785
0.48171661648567327,-0.8328436910390109
0.9988134148757168,0.3382015558348998
0.5686298010308487,-0.2904433627536726
0.6713880656761467,0.4820989682571072
0.5302134862314967,-0.7954130179887257
0.6870389087027325,-0.4818720668935511
1.0980508787287673,-0.14172637381965478
0.41729668623850696,-1.2307758882480855
0.1516536937552974,-0.8094234002029358
-0.5467716826963778,-0.6823356704895385
-1.1310990344904244,-1.6443366802935622
1.997365126797837,-0.38342299342236436
2.132098598211633,-0.20724678171565114
-0.43613588285362154,1.7807021138882058
-0.18589114830966286,-1.8147081492811405
-0.00018990534383413202,-1.8360014114955387
-1.1643274032767803,1.6791574783779966
1.5572017248666015,1.5352406422809812
1.8716013053716165,0.4924338526996514
0.27776321696246725,-1.6008260324869499
-1.7407491551441026,0.11281610702810808
1.8673111184490288,-0.17012064049780054
-1.8701192323521472,0.4183486683476914
1.920109263156123,-0.26814141750914205
-1.7041014713023404,1.057932105861423
0.5293863438419072,-1.8801300434791228
1.8582115254338376,1.096097052948159
-1.784480553418325,-0.6483064533911197
0.6010394021924756,-1.7714659712366907
1.8442488700856585,-0.9440504056359479
0.7793695474146558,-1.5887911408875808
2.0031654771762857,0.47387755360219064
-1.4043696913864478,1.4455152424479905
1.8860143887568006,0.5957964127348028
1.7310108347799888,1.4189172373665846
-0.8623456183566244,-1.7005135296981186
-0.5283336114073266,-2.247788054906356
0.2919593890729385,-1.9443878935816976
1.1998342137919953,-1.3531002697318137
-0.13340643239265473,-2.0060569456570283
0.5777145785766239,-1.745439938657581
1.7986278706257353,0.5714891543603193
0.19980913115431784,2.049839771432484
-1.501574568394822,-1.444149637858774
1.19797154530604,-1.483331770389685
2.1472521406415472,0.06072999463671071
-2.1644500585280984,-0.19951602359878678
-0.977317913414598,-1.988227203217684
2.0435351227787115,0.38460175993777024
-1.7944611665748862,1.2805438104950801
1.361580971168183,-1.0474778105135885
-0.9231496717363612,-1.7202687892603703
0.14485953891020267,1.8643298441447391
1.214426773029098,-1.6115281451965715
-1.1059459036188903,1.5624857108077073
1.194241465533498,-1.573122311351058
-0.6908552385749772,2.1752544836750807
-1.6650286745881684,-1.0613650376548691
-1.6446387667896456,1.2439016275117942
-0.3052849217721317,1.9413019785753505
1.521685983408607,-1.3153055622045693
0.7646239841748265,1.8490432622294792
1.7806122499497483,1.0502079938972717
-1.1874600320868447,1.8219980462952432
-0.45376119622666594,-2.200818048473358
0.7225434065765167,-1.9146435773136825
2.0883669356569348,-0.016489333521907117
-0.5248189968177142,1.7503849063089594
-1.6636201361584362,1.0861932375781986
1.3974267350123162,1.6221175806496948
-1.8985280865608545,-0.9654248160530776
2.0315066009372034,-0.030891589525416225
-0.6478813465078287,-2.0321821417501047
-1.7134864560712273,-1.1678370431770575
-1.7002524313229104,1.36445665551988
1.7607930776117815,-1.0368737282076745
-1.946279940782192,0.03771116319469489
1.362045255477673,1.5326040703855603
-1.0346986369892994,1.1680242854948986
1.8769201721521924,0.842734028421527
0.43170631606058635,1.3871112337395082
1.730759979001632,0.19293571019381922
-1.9793113291201991,0.5983142631836005
-1.3744761282498164,-1.5499883052011572
-1.00990083314604,1.5208701306085186
-1.6611933872975642,0.9080665253865295
2.1335372731696123,-0.5591126055613137
0.023773158616654924,-1.9272488615308254
-2.2598743434094466,-0.5932206156370384
-0.4305920813411114,1.952802762828811
1.6443932309149736,-1.2427947185624675
0.209678458769358,2.2327070892727905
-0.9207767982336875,1.79754628310847
1.5558592756341294,-1.000250532996794
-1.9494683025663961,-0.36607071561320526
-0.09624028732000042,-1.9923352875920457
-1.511294163967561,-0.9690467757672294
-1.118454308329624,-1.6115313659593336
-0.57666691702552,1.7984810577981205
0.115881637280798,2.135511868119027
-0.8820758205870947,1.8007599300956347
1.0958272942438254,1.6221234521471455
1.3968943963243554,-1.4089821026889806
-0.42170198943597337,1.9892613630287845
-1.9382841284778674,-0.788481770008532
0.48228104502768654,-1.7860752247760379
0.38889906369664334,-1.8022805820966878
-2.0054316710616438,0.8176236638855457
-1.91662307275704,0.28806138550066884
1.7864833232208546,-0.05949381809161817
-0.9428579614966054,-1.8389503279847046
0.8175829246954102,-1.9011604496601078
1.4487914106192465,-1.0174938826031512
0.47604298476738655,-1.9779426174009433
0.8359330744711712,1.9377151767982301
-1.9012660787227649,-0.7829258497868087
1.6799528644676485,1.2513727569472124
-1.025004702584984,-1.4666878550226365
1.969522470195558,-0.5675130421738802
-1.9483559537136703,-0.15619776925334192
-1.7591512302326253,0.788008436837376
2.076781811526241,0.47577587372647817
2.1513013957278706,-0.555610209946947
1.8102965730831362,1.3681714212161853
2.124437697466682,0.5608434599894322
0.04901662839364943,1.9829341383292878
1.8813381060984697,0.8215827940075473
-2.031479993862658,0.588568727704657
-2.0078749072021704,-0.20365539215540568
-0.7736930428836137,1.8655407585414276
2.015631449302124,0.6683932579037093
1.521335307394824,1.284542085562413
-1.4142648579801678,1.2546910324690927
1.7993693314332224,0.7193409468728086
-0.6700387746108437,-1.9850530774807287
0.533674987333763,1.9279489578849347
-0.6591389017994471,1.942232248700896
-1.652633325983064,1.2965158211395456
-1.6830090868473846,0.9724900634980693
2.1133221705931007,0.022052332527465347
1.5676232698930708,1.331575038976093
1.1808963498477423,-1.3780069427838775
2.216279201278373,0.01717110022438916
-1.9223543100036984,-0.09873616242319212
-1.7479263259328957,0.11546218683130494
-0.91922182636462,1.5976788244729894
-1.67757204789461,0.772387160152825
0.38342805756372045,-1.9708749737385616
1.0621221626364292,-1.645987112812552
-0.12666911784526771,1.9453556253098043
-0.9206601264217826,1.8795868689001922
0.09683517165292717,2.048694037581589
-2.031041773751204,0.2583514591332071
-0.8393642037560343,-1.8828552502914377
0.2850219668724892,2.0729169719519764
-0.8179926078548321,1.4717656411529574
1.7621875730659857,-0.8240269102806597
1.5956705446371133,0.5026520492379299
-1.9447942796858366,0.4893264993254911
-0.4782261960467167,-1.9412677314141376
1.2627700173586311,1.7485213316486863
2.0823622375636264,0.6388144056328853
1.3117942321059348,1.549769682975306
1.6799399372838142,-0.9397969396926257
2.0692669653276226,0.12052789343800369
0.7258881714725428,1.778371857440709
1.961283482632204,0.39055288185640086
1.6495732022650433,1.3756709269833254
-1.39571648625463,-1.3131308510874036
0.11136619212042574,2.117925851243867
-1.9060005596475966,-0.8853967029870395
-1.5665096794805142,-0.9968369729457838
1.2552687275732812,-1.7406830465075955
2.1038510155327526,0.06269447973814639
1.218806210710143,-1.6049612777586264
-1.3817042804024282,-1.283189304206846
0.9752151609622729,1.5968851135216353
0.27565995702177754,-1.899452122455705
1.280771335048342,-1.640672320179917
-0.04973063849185316,1.855990086454451
1.8025281099097081,-1.008814474484946
-1.739984711483102,0.5119510858781159
-1.567995862431917,-1.1915891970155084
2.0070753625752396,-0.19418457936907865
-1.5261658111824983,1.8089820026479597
0.6931637156067318,-1.6540305723868085
-0.9253118362819286,2.0188512452431273
0.6154668875957436,-1.9265542155669384
-1.662324899006304,-1.2195011208449011
0.4233697814443086,1.9728360084751841
-1.7724323671324271,1.0629062463698187
-0.8150773967772957,1.8011022193784139
1.9563052875743463,1.0454045265410656
1.8976913586322022,0.35996257265416287
-1.2362487082949782,1.7832200831337113
1.8897493935153298,0.22708844038587908
1.0082255354771743,1.7168027968241941
-0.28562256975197337,-1.81689214039474
-0.5383417015706781,-1.996962942256384
-0.15892015674308468,-2.2110650626209054
-0.8143026045251155,1.814009977891142
1.51842457065718,-1.255837407276587
-1.523408173206219,-1.0190243897428592
1.3809015670634168,1.39882744117075
1.0905468063164183,1.382791908553375
-0.6520230735083629,-1.745247664230128
0.946759830439646,1.8002429472497166
-2.1955450780195203,-0.10067340703957589
2.4181484969488616,-0.12508733291498753
1.911406105225155,0.048140380774199534
2.20328546071427,0.23035889332705423
2.0346406829407884,-0.08846255239661775
-1.7042359887396017,-1.0026693439397003
1.442470183344224,1.477513805448537
1.6052957720912409,-1.2084128563783019
1.4733028400448636,-1.3769133557520323
-1.8888149811229684,-0.4371837471320047
-1.2911790232602838,-1.240149959876556
-0.25673489144752676,1.7497212910152455
1.9931763495805896,0.6548254494029883
-1.6228179245585848,-1.096432668168293
-0.5302139459901196,1.835542038785951
-1.0336186952785946,-1.713691161377219
1.0930190019164414,-1.815623020384542
2.013872581911116,0.23079761818795888
-1.5679602342200654,-1.0758958702948556
0.2562789179840053,2.1688550582923907
1.5706266815953023,-1.592719131874331
-0.04775338624909772,2.0736337185518683
-1.646920919262468,-1.375928797849615
-2.063745203352192,-0.721690507064515
-1.7239528381046287,1.317111044025828
-0.9189774387756486,-1.8794746935710138
-0.3169243433459865,-2.065580456091306
-1.8968583905413683,-0.8484106613246065
0.0970812128202185,-1.83283005424908
2.0936919597999313,-0.2189421448521448
-1.5704236231657505,0.872720728769415
-1.8729202515518293,-0.17209385482612005
2.1887992223191985,0.1718454174394435
0.606325995063576,-2.037740221070177
-2.2051747808342435,-0.28181752501889257
-1.6406663641612729,1.0709201222030387
1.5171735976681893,1.018188445769021
1.5105314841313147,-1.255122720388282
-1.5924592938778028,1.235122022054067
-0.8269642738342836,-1.8340293623590642
1.2824182914628997,1.7505797097257423
1.8893004215888223,-0.4655301055590604
0.8921853234839237,1.8487872829781515
0.5772741516988474,1.7594230293005415
1.307696460438559,-1.6014627723828332
1.7062210866816414,-1.0443538437204587
0.44469967380247194,1.8343947634302509
-1.929364608389079,0.3705481602601479
-0.20417773021845928,-1.961777057274808
1.4145484433088384,-1.3559505003108316
-1.642364310356159,1.560782283936973
-1.9738929112408206,-0.21188967628071106
-0.10214440282153141,-1.9607568116414698
-0.19929449357634324,-1.6735577049969348
0.3836552188309458,-1.8259998397079915
-1.7742956756107597,-0.8340191679061625
1.501828187502435,1.1591308606533972
1.8175372294991323,-1.2524129041842582
1.3115840649496249,-1.4769552044330667
0.6527733975712326,-2.0938733090006396
1.6265418860427991,1.1796058414870954
0.5668286397926213,1.9238173452745968
-0.07986308167095281,-1.9850746655387705
1.9794613719155636,0.2898460838555091
2.2386104819015733,-0.293889227527614
-1.183816896753972,1.1523343621498923
-0.32571385697728983,-1.6682692251159834
1.4594137675654684,-1.2453301706054407
-1.5791739276021945,1.2308254077567036
-0.8852456744814412,1.9081714397046665
-1.6060959289967234,-1.3074188098531134
-1.6962559655967666,-0.9463034197255447
-1.8114569406186714,1.1633636982156768
-1.7288209643153372,-1.2857583843905742
1.862771473915536,-0.8007992093200761
-2.1002264650736455,0.43300612575153347
0.6702683284784873,1.9276929406133518
-1.3733049584633563,1.3357533817104665
-1.6557533990701994,1.2992794628313429
1.3701783574890563,1.479612934395596
1.0411184191426714,1.707886526021655
-0.887647976119655,-2.0358460253382407
-0.870139885308905,1.3811175627569807
1.716059695962778,-0.4997496942856683
0.07328201581737216,1.8204650655174641
1.5816429156176133,1.1328805588595623
0.043195182750394696,-1.961333180270515
1.3009956933217248,-1.2058754106392047
-0.32548110028973154,1.8234045908168015
0.5547383171082871,1.786738363979488
0.9302148450223098,2.178309159332702
-2.248582051014986,-0.31299376118804506
-1.9001987092546317,0.3821123007087365
-0.11532214007672605,1.9420414949290672
1.7544957117195694,0.5117982711534107
-1.7022047889482512,0.1988523226132203
1.9180999960125809,-0.5010705194439785
-1.0637623440902777,-1.513968932445307
-1.9864804354561496,0.05609948162875924
1.3511884398752347,1.1277327310165222
-0.0288645951984714,1.8854829021627353
-0.5614432398930443,1.942795607073196
0.19086080841570213,-2.0460487221826416
-2.9474070024820844,-0.4084962592234815
-1.311519919956086,3.0438727990641423
-2.5589086652994406,-1.0901080066747313
-1.3080856408243795,-2.6345277121689534
2.979260254151851,1.313297091786501
3.0674277558981395,0.02057379353493863
0.7242606226386624,2.998260838066414
2.3783587228517957,-1.8565643524002737
-1.849451743539528,-2.4246498396120884
1.46770034639255,2.7494198467195625
2.2210218644291397,-1.8311929780842044
-3.076075042887614,0.5876752981632088
-2.762583489871096,0.4181451126022283
2.8025754636890876,-1.2014691091334238
2.8178368534397764,1.105161151969854
0.6310848885184571,2.838241351690902
-2.571874266067196,-1.537874374172632
0.976217717240887,2.7377788162274563
-1.216521148257294,-2.565421473302608
0.6592510292642302,2.87227232154878
2.3018716934119112,1.6538499722292392
0.8139031947647065,2.9377582893763217
-2.500778825576884,1.319389629827374
1.3906218190530617,2.778192898431283
1.8708304794718105,2.11378091193773
1.862101703788949,-2.2427945390026656
-1.2440055055335981,2.62661096219128
-2.0506999330709967,2.454948502959591
2.867497590716551,1.0378694888441684
-1.8539719621382655,2.318024211130221
-0.285656053429422,3.061510140506176
-2.062773081945578,-1.7170905452388152
0.8281161463567924,2.876707367610382
2.5206718617938013,-2.1292610314900817
2.7297444469247,-1.2915112121835028
2.43716920343406,1.766757453798424
2.4066322412200627,1.9256678850235005
2.3468473649262958,2.077594669717384
-1.9734880435074198,-1.8432029365453715
1.979529455645969,1.905531239424611
1.81840709408325,-2.4256242097190452
0.07762888357142843,-2.8917267232485124
1.3576579743240433,-2.894187155705049
-2.9132282714183666,-0.48133057546030195
2.7092298353040976,-0.056570695799555634
2.702257917148871,0.7699132796270788
-2.105392843862597,1.5042369212114182
-1.3283483055557213,2.65066239416392
2.818377267955516,-0.9423387681562687
-2.6005240173709585,-1.3635659828526816
1.0932635483873883,-2.966808975728549
1.525892640015107,2.7897382716806147
2.9476794341012162,-0.39810752013688877
-2.679698046881304,0.022906560754179687
-3.090148144441527,0.12292758117671033
3.031855113030269,-0.5609084964382669
-2.230308992460563,2.07516938634505
-2.5170822070392407,1.8892599724748214
-2.4340653380228856,-1.434402033790549
2.2891806997738375,2.378722615372369
-1.2336615357488754,2.5759086792217167
1.0871808806354195,2.9163278973121387
2.1885064343872136,1.6600865525975428
1.9070384042806043,-2.132003197651079
-2.7322740142470647,-1.7178901027889988
-1.8682363001307147,2.297044804160353
-2.6252633914227443,1.6969960356122995
-2.758852002814408,1.2661985638831381
-1.9994219178755728,-2.215422650138142
2.8712968645090524,-1.4230149618849175
2.703995220690565,-1.2151860231173663
-2.121964883923205,1.7221930406500747
-1.3755081839959624,2.5297387281146766
-2.93800198173042,0.9333020349382646
-2.784834825764472,-1.2665594366759783
-2.6857547810428186,0.6569790262903695
-1.5683355490278637,-2.4290369408697963
-2.7442488556829856,-0.9763006697136144
-1.265964811842767,2.659213368840135
-1.5808363425122747,2.3033084548156446
-2.100526546616958,2.007769498788168
2.3945202790495226,1.6194035458679534
1.5680945029317348,2.692369401476453
-0.5247913471802715,-3.0769357258437577
-2.283876465487233,1.911323427270119
0.6499135291787688,2.8684899738959406
-2.7897755717103165,-1.1591051132741679
0.10013444116789795,-2.875770919661298
-0.13183786984592627,2.824900429781426
1.3265090884267543,-2.532600424174061
2.6086097871455634,-1.2778459826129187
-2.3127409353967434,-1.6231329427345806
-1.4744633746923408,-2.6405306822896115
2.9413308359062027,1.008611883657625
2.6016940101665607,-0.9270785455472196
-2.344052751700437,1.8783095445141371
2.6342555515515214,-1.365226661710858
-2.6831982300967057,-1.452731636982796
2.996796783117883,0.08699377083897183
2.7007844794576856,0.6671320994232773
-1.1900167398098598,-2.5462848214001745
-2.7745008908692177,-1.152668861336766
3.110586748916175,0.5234182689845555
-0.10959807685535333,-2.6656197602392298
1.826954818427612,-2.4446020878202512
-3.1776381030890746,0.07153951462863722
-2.9084069857004313,0.635588229607884
3.080707895645273,0.10598287990015139
0.6606704435818377,-2.8181331196646715
-1.4483780678119702,2.6067397223057185
1.9949455690282685,-1.9027573740228703
-1.8497070022230828,1.8953452991932096
-2.8824369460092787,-1.2490174694104765
-0.36355794381977086,2.8289856882291766
1.5617072116447899,2.4810812967311193
0.43517447190801256,-2.757911374354441
-2.787864704713988,0.05973259676110624
-2.896110853035445,-0.6758460894534882
2.822587626302152,-0.623182141892294
2.977012235619742,-0.6933876577069911
1.890090634838645,-2.4164953480488145
1.164533762319725,2.816902917968493
-2.51861454124715,-1.6948753455774317
2.333477825662373,-2.2429630075018654
-2.0013099419805385,2.014837125983831
2.4081040441722577,1.7752919293028673
1.1847292826862958,-2.9401878435530593
-3.1687647943957584,0.36468394139824
-2.5617439561607345,-1.0969787535965687
2.934580907044057,-0.3306209850654802
-2.5039068546066074,-1.9985646199792921
-2.7407439301944003,1.3969259652062302
-2.0734744248820265,2.208460642585657
-2.5786326204393815,1.4682655699137814
2.1650910734972304,1.992554674585758
0.8444536231918417,-2.92372439111433
1.5511558290069671,-2.5235316458048054
-0.6419653701279344,2.9239699888581843
-0.9987523886792261,2.8413678926064185
2.040809471232889,-2.057954663964063
3.044954953756564,0.4621005341632643
-3.4087815932565237,-0.44058679637819065
-2.6625678218822686,0.6184597421024023
-1.120007105773045,-2.835411345359803
1.494105785204845,2.469104964294587
-1.5152724283225778,-2.6890729158586524
-2.149297639366249,2.1029669884170805
-2.2873523724327764,-2.113468223475532
3.076063762200648,0.7917565934305472
-2.941707417329784,0.7213664528282179
-3.138879966771015,-0.44171746332886463
0.5886543923049389,2.5821060950014796
2.0702357126422473,2.490470995362897
1.152272599490534,2.830722329117876
-1.762987664797593,2.6245138227263127
2.3117422908316216,1.6097955115984082
2.7193028802861536,-0.9344666769001092
-2.4992837526089704,1.6986478132188916
1.0853666167244154,-2.7940386071803167
3.0032393378917432,-0.48694772267945524
2.764406645312497,1.5364190312901407
-1.5844204406449849,-2.2295792530495167
2.1738550365164246,-2.2742314581870646
-1.995563151447018,-2.241691988392855
-2.6790363354800126,1.2807400191770026
-2.522761017395608,1.1663477992869713
2.9975533814398236,0.6878308884601384
-2.575790450151797,-0.5689768159583349
3.0947104545345736,-0.1256230296163258
2.6832698812814426,-0.7122226044769029
2.911630619375311,0.7553698147340476
-0.8176351996060168,-2.867845925783911
-1.0146899304760326,3.008947426561237
2.437767029626975,-1.7021223236633194
2.780311314553207,0.8099292727348987
2.689860659017223,-1.1465085042238312
1.6668429333772066,-2.7209712079599444
2.278335487331706,2.0732404598378684
2.7367407558270496,1.0800597381089434
1.5043805939762762,-2.5544657280855403
1.543213355649059,2.294187034260225
-2.985044366779535,-0.6652311130205162
2.3615063532573695,-1.3817145187819468
-2.837405748574557,-1.28002437107421
-2.4114412806610113,1.816888167233294
-3.1596325931430975,1.1371776998639498
2.6149529852548454,1.0950482166907929
2.92726091341345,-0.5822240133542782
-1.2161585816106049,3.035157097243846
1.1819711192609301,2.950784922386363
-0.6502299123816446,2.821615887588079
2.9579071438536193,-0.6734126859346363
2.489029809637625,1.6752701625263176
2.0447152818139784,-2.252706911023309
-0.7579288469769125,-2.794228863827287
1.439121833381874,-2.6170058261829587
2.72870012733555,-0.41642326267606666
1.6527149112931767,-2.5279547744141837
2.87544458869523,-1.0683602819598723
2.0715434103064596,2.122544255980179
0.7824973458155906,-2.6443980152951196
-3.019516946907232,-0.8911694434244679
-2.9413132030127263,-0.8244628204481521
2.3273789441894537,-1.7151540354906105
2.911612269757262,-0.5212918205640064
-0.7768788501583668,-2.6639307394230403
-2.829849781068915,0.30453092620038075
-2.810487544466201,0.7897072078783394
-2.4062148843852476,2.0855842249321874
-1.873514388054753,2.218916963106015
-2.4041109916786554,1.950811315197232
2.467228766840484,1.5603902643314225
2.684736537832049,1.4201147073519271
0.5557766347606364,-2.9264835922665475
-2.9529411706274695,1.0406918415186415
2.6472165769948734,-1.2318074976859423
-2.1049975080962176,-1.7914656236138813
2.7247749149632132,0.6122235334245963
1.6029085510533436,2.440975120715951
0.7707790635538996,2.7049674775881516
3.0260217674629315,-0.4649400387714429
0.5724674436035446,2.8736685312102623
-3.3397587793036365,-0.33170650748095104
2.5220207921606344,-1.0693035857998694
2.9994812361031173,-0.4327992267925699
0.2423030622902336,2.820418011638075
2.7877516576815977,0.888738993523773
1.7200594561825624,2.4837719261681084
2.444069663667564,1.0273045616819143
1.0260172152954141,2.856867887694933
-2.9852025669131113,-1.3720991687070745
2.499434542898403,-1.5327617684327637
-2.956252629679881,-0.704213187458918
-2.2161213289411323,-2.243851873444062
0.8861890073054889,2.840372459763942
0.9102745698362751,-2.766971289965956
-1.9631611849813242,-1.7928642900302563
2.0348940116080225,-2.3335257795405155
2.830249645695335,-0.9424030633370386
-1.6435334916408446,2.3260388192633226
2.54311472111869,1.6269189149548984
0.43880944288878776,2.8792011589643747
-2.7008008243954977,1.11192362952752
2.912745096396119,-1.0343349533166966
-2.020095771820299,1.9377751213075427
0.410901489905771,-3.130243326404448
-2.7005926470065966,-0.7020229033765373
1.1885053909923706,2.6459223465715405
-1.4138602060698329,2.9689812459530254
-1.8109622765998086,-2.600698139976855
-1.4047209558057996,-2.6673614259603693
-2.622070524239805,1.1393736904118816
0.39069403250762225,2.8943593424732903
-0.5287291971335707,-2.9642054631620067
1.466586124213416,2.6235334435093494
2.7530458671832165,-1.1572123447551432
1.1392593748260076,2.7702635621333207
2.3183815867086617,1.8528905108365146
-2.7833991506465994,0.04114141793414518
-2.9005033905395017,-0.3580824469676991
-3.133037833055814,-0.16142388711725902
-2.5763825076120557,1.082995811878486
2.969989816375336,-0.09679351378285786
-2.8663543426551397,0.2476977347137124
-2.987787836994612,0.41667517711428553
-2.5934024395603124,1.388485587928291
2.9417750480238327,1.3132876441324626
-2.56607710205177,-1.6961566086801296
0.38682002339523675,2.776412440557101
-2.012118358900208,-2.3591571013201937
2.737954569889374,0.9054943546484795
2.8935497513566246,-0.339946923014976
-2.9894731011533797,0.5896639289187329
2.3318217253669253,-1.76790147142253
-3.09705388412928,0.47933733678599405
2.6790988316127673,1.067177293792002
1.2742717510790582,-2.613005786609817
-1.7321617791088382,-2.327783340148711
0.5778243280395764,-2.857313945694976
-2.8479834320109374,1.3803795737728999
-2.003135359700593,-2.358444731701541
2.0157368466556327,-2.557643927715032
-2.2701367172023597,-2.4501140379617588
-1.6386543801390931,2.3261706708042635
-1.572537438848742,-2.5672192723289537
-1.3313472690541333,-2.4899923144183864
2.795398605021405,-0.70675766787174
-2.0010514338466088,2.106573399905462
-2.532392196007567,1.2886798859699786
1.0814455869645019,-2.6284353521841393
-2.976405463488922,-0.10780992921562041
-0.23741233981315446,-2.807471796443126
-3.026675649454089,0.7830103939731144
0.615705991931865,2.7953316543517497
-0.10308984400749795,-3.419881914276888
1.9917248584718452,2.152061897468387
0.9558340903640409,2.855050571634434
-1.9610496096871244,-2.0065468621416387
-0.0558503492758316,-3.2554347137151347
2.4993393987352244,-1.9465487465189844
3.5620136942940386,-1.731970984027754
-4.00317168145464,0.20611728798465478
-3.7455308065587856,-0.6818070611788565
-3.202168421913356,-2.388466935353418
-0.314088954600268,-3.995737255412616
3.3082620732780943,1.6039890224025206
-3.8439823631802272,-0.3801219487055053
-4.03395515523692,0.4686730366691656
3.5766019199395926,-1.9172271662245306
-3.823764058530003,0.15609374042822877
-3.944319037018792,0.7956443143558198
4.036768521745406,-0.9771940412750844
-3.9196639544898937,1.2578984411678922
1.6769646872465733,3.6157503757019
0.8110262076729823,3.8452038249811493
3.2276554929315493,2.1990766956944787
4.070147035409879,0.014529108527366393
-3.6664884144766123,1.6708811894888898
0.49382832101968493,-4.064521098265663
-0.41683785896739933,-3.99811031187048
4.038987650044109,0.8271510910056551
-3.632330268937496,-1.7087683228640886
2.329809073581417,3.3952128370093786
3.850751572329073,-1.494577575549824
1.9249008166216137,3.3680689288702714
-2.6093489786587623,-2.6636603033134403
-1.950349507215844,3.7552538604391525
-2.5435863904538265,-3.1368201908132907
-3.188314803024303,1.960460031383576
0.23572460036690057,-3.885783721117032
0.498415672860317,4.085490942489467
3.2846533876666872,-2.2084383296692747
-3.9231873833651316,-0.005167882321610794
0.1611429168694195,-4.207047274207391
2.2535302586150348,-3.112801797593761
3.8801718987301324,-0.02855879208479791
0.657063589119846,3.9778055011968743
-0.9323812682427339,3.950017889555558
-0.011087237712808421,4.074436370044683
-0.3341814785483623,4.123165213193626
-3.501092809278034,-1.9953773424299415
4.070034411745235,-0.1657386144770155
3.953730796384789,-0.2418128221227788
-3.9528086032259906,-0.6712902199379174
-2.5788438976502728,-3.0787765993351335
2.569687196161522,-3.107389014759355
3.7558263971124526,-1.6835213819029307
1.1672381086613328,3.9128843858982867
-3.942377750147473,-0.7146761989514107
1.9288320912410684,-3.3650239213426496
-1.315681108892708,3.7881778952234253
-3.713430849458342,1.4754076205687328
4.012545617546074,-0.3635041171020817
4.311877159267278,-0.4063160043688621
3.258591876033756,-2.18156463449447
1.2179070609947258,-3.876527001593344
-0.49886306922125573,4.13025136893821
-1.7287541642370723,3.6234275810333925
-4.160088097628787,-1.273599371270941
-3.6592481378737443,-1.469514026396772
-4.046193673483503,-0.13995386556530667
-2.5353223113067207,-2.9373339821725137
-3.310320972249774,2.1500524866612567
-0.02094935129393911,-4.037285734156133
-2.0683347846917877,3.5712282594277722
-1.9651443642670898,3.538843372129141
2.9202614880073607,3.0031119676842826
1.4971916858309973,3.693868107742504
2.3323010018128123,-3.18814246225149
-4.157031600150039,1.4588968270402203
0.5626491348426912,4.019951262787468
0.22830216677287643,-3.88537610452452
-3.6739132601306794,-1.2961828155004316
3.8245581905534665,0.5114032377793027
-1.676830349766317,3.7857442271887756
1.7468019020717942,3.537572289961992
-2.240807232369692,-3.3364626320628976
-0.6250163027357096,3.941222521300029
3.7722636636491216,1.6309068235666695
3.6445558765082957,1.3104394307337486
-3.343579105077723,-1.88568854239697
3.996129087163886,0.5488543032407034
2.378944046588681,-3.327146267634195
2.2680052898130993,3.3552464559597084
-3.0411374318337345,-2.4072559047435713
-3.8564071101080493,1.3969370745030687
-3.6404269396436915,1.3664217829338219
3.529441942547491,1.7097699430034614
1.2555892704189817,-3.648396900026245
3.2831268088716743,-2.611620410556737
4.085206774510536,0.2832295408681616
1.774151094117559,3.686002621839811
3.446767784791378,-2.3772768266439672
-4.209800670776051,-1.3530538849492921
2.1996890998608736,3.0291961394786817
1.1368085533864738,3.7193926137659292
-2.0940678602638787,-3.299092649445219
-0.6101748323438562,-3.824001927665064
-3.1134057373291957,-2.244934630426976
3.7849174414726217,-1.1475350118592695
-3.814854193508019,0.14235809575945105
-1.2581772975622074,3.8498787552564524
-3.9668187663418077,0.571355403258488
-2.589104309894831,3.14308439485288
0.6524230148046403,4.023607658033111
3.9210555422527764,1.1649519505754684
-2.3623492313537624,3.1582198554250267
-1.0368070492239458,-4.1918535680372955
4.008117389198536,0.4664213631698964
-3.452236170335061,1.3874915617005235
-2.3783605206902316,-3.0270707580523926
-2.8748302310767717,-2.3905873640984194
0.667056547011636,-3.946624365084832
1.4778536054024691,-3.6973120335817717
-0.9364346603569376,-3.8165319727048037
3.4351175742713607,2.5892208522984634
-4.032176977941001,0.6380512258945484
-3.271739602719847,-2.4857394130150317
0.10753281548136262,3.8588409800694006
3.7133388131744267,1.0171541306691256
0.6616176776265986,3.9505011235380656
-3.8653493024644177,1.1257694238181477
-3.190492611980763,1.9159111661630837
1.7665080542796472,3.558625065352024
1.8038131518720077,-3.5725549776190846
3.5430099674597,-1.7860411187134886
1.1670772560478853,3.6982087924784506
3.541589780168479,-1.678168442225856
3.948476099628085,0.44498229155925956
3.575731864001324,-1.822988527005627
3.9055382215689387,-1.2168611211790366
4.150201023265066,0.3148722605846865
0.32323807082773404,-3.9426195979878202
3.862867491612589,-0.7318121839635245
3.3755192233951403,-2.2661347018048184
4.022533804216676,-0.7487530651990755
-3.7398043839736235,-1.2235459023128041
3.6318648455210623,1.9421859225669849
2.4330630916555296,-3.358168715062493
-3.1661134922513856,-2.7501435101280394
-3.2051978786990865,-2.8163533539863908
-3.3586641530519583,1.9226455657328942
-3.6012311877848227,-1.7457995673701885
2.2787287529152658,3.2895184097789376
-0.2559853438974989,-3.9770591692894985
3.4770587823254293,1.7721262436248735
-0.47856588812949596,-3.7467259590626627
2.3384201571908108,-3.262391724942319
-3.826768635571442,0.6686541354013115
-4.00524676986509,-0.24770319770616994
-1.4787143200656745,3.5881385251104287
3.764655549774957,-0.731427827800579
-0.4270534211417905,-4.012482842540397
-2.7349943062674495,2.9498177005139885
1.8598158977974004,3.6391995634942673
0.8221905204135261,4.2490639294982815
-3.9381983443383484,0.9083343280402806
3.810459505697279,-1.4379815100114504
-0.3817131870676636,-3.8193385634911885
0.8247724630380434,3.716547375950149
2.6920225713474313,-3.2724272589744996
-2.7848300064273444,2.6750204550097725
2.2926118437308474,-3.0847559029476956
0.20821157050638991,3.988704505572493
-2.9288748416821178,-2.7043750286925583
3.4616304448908313,-1.718264679885446
-0.19604870354947018,3.9493910591791015
-1.4685854571802073,-3.918228339553445
3.8667819794996223,-0.30890349724804755
2.2167191775395496,3.075296957050939
3.518790414383722,2.1838537556896083
-1.8678181134190275,-3.620423290876809
-2.0879578490525668,3.3021921735976014
3.391939100974603,1.6286411195941837
-3.8415959334670715,0.600889419909726
0.09456426096687834,-3.9906740795604208
-0.9138486239150015,4.073605283701989
-1.957990777091607,3.308557094304052
2.25567796511144,-3.2879558681847123
-4.068699274951282,-0.5158640895623017
2.0044212712062874,-3.041769111496617
-3.921562267000753,1.3732948878465931
3.656984829209314,-1.1130950241505442
-2.3640253307391355,-3.288199933161721
3.013074163783065,2.686777446317924
3.1240861617769027,-2.751010122748191
-4.073355521645626,0.2751603150969554
2.2933626979887114,2.8310595052461425
2.2285370465322876,3.178953412862197
-1.5378749721908922,-3.7149988546341226
3.7961520707247063,1.1645209223533015
-0.9279470464372658,3.9644898379139533
2.629402890393643,3.1697791795132084
-3.814073121944384,1.4803101392198958
-3.4070735059728334,2.0336551460929355
-3.6879340380360093,-0.5101369677058201
-0.7278962419551257,3.8637103260471197
3.9803949228086775,0.8124030348468093
-2.887515399216188,-2.525959680689142
-2.87196785141908,2.9186121293726566
-2.4030778912088824,-3.366579141964516
3.118064012685073,2.5357995439349983
3.5271759784199905,0.3060973484687258
0.04081474745770566,3.808068026316105
-4.1242914660530605,1.1548572890192639
-3.081787706676739,2.419392487676247
1.369477978862627,-3.4397873110234642
-3.0117369826827254,2.9062120579193547
-3.9290230217271978,-0.7607948593123879
-3.4670920096573035,-2.3092578216199375
4.003580952118191,0.5526444223229574
-4.050404153632921,-0.3863008885821524
-2.2753831252478,3.355772293252079
-3.6126971697067733,1.9484227359755282
3.507826011998265,2.558275536449485
0.8488602018960782,-4.057814456100552
3.519227433057636,-1.3322252891644542
4.0272535756981505,0.5671960435500653
-3.3533168939348292,-2.4807982068910794
0.36317348302361496,-4.1645998603404655
-0.8539693267093091,3.842252623804046
0.9759917710055896,-4.059052604643546
-2.78849443104698,-3.058914116411204
3.958580730556938,-1.888269328831569
3.8598448614013305,-0.46287349353142326
3.785816486804475,1.031748797828168
-3.71979577903346,1.3408523236169925
-3.7565856654007224,-1.1424555606140774
2.336198699148003,3.080904707942226
-1.8500927482606446,3.0714287676734426
3.9229497469170402,-0.3050862114649097
4.034334468187644,0.4128494173412127
-3.752516885490166,1.1542202280128289
2.358959158181386,-3.5835802443355678
-1.7922129281587253,3.578271624811061
-4.159917368421336,0.5308713258477813
4.000844535608326,-0.5554144051006197
-4.072687832940989,0.6482815289115134
2.749759165792164,2.9623755419231923
3.9852049748482865,1.3426981129504851
3.7749588844812827,-1.3479180419742927
-0.40406084862797664,4.054333204713811
-4.053628099499468,-0.10352896811815403
3.331419762848402,2.134846541398488
-3.602445236906327,1.8740483819981735
3.9237910892865173,-1.8432194187778865
-3.958985399809797,-0.06002790992492789
3.9962826797855118,-0.7328311589907991
-0.23241837324122952,4.182213722220729
-4.169337173713843,-0.1191027446234814
2.5417148755247827,-3.0909138262776383
-3.4516469823358364,1.1635629996885597
-0.7511436663761888,4.0077217549879975
2.256222886323863,-2.8908347689787264
-3.2500747628455566,2.692499732768657
-3.9506510666562646,-0.7722506240220982
4.104898478500617,-0.6098382066867111
1.5017288417536998,3.5609812863036097
-1.1955896411181746,3.5723644452687817
3.962393363757201,0.7835010726995818
-3.10736674013314,2.5107714394521166
1.2089793420491024,3.735499462956052
-1.7077271973098964,-3.631173725660567
1.8466306159189692,4.010386417873081
-1.8771150418317886,-3.673355348530683
-0.35158296683550927,4.142531871844872
-2.5336768961050486,3.2571814225244373
-2.4570671302813825,3.433281793736571
-0.8236421828472092,-3.885143550767806
-3.6103505417627693,0.7711364257329023
-2.5565554072833736,3.039493592080444
2.477329064801317,-3.29419931714845
-3.4673070002489506,-1.6838002345972507
0.895265691156119,3.871377024134001
3.153432877908505,-2.2883410287614283
-2.3231224543219136,3.5293482729235466
3.989695852794797,0.9971526220110787
-4.09537288009787,0.1390003031992484
2.913605643264246,2.874981298306923
0.28921169229939414,3.9839288036909144
-0.0731456052847692,-4.0289695209033
2.603300297023007,2.7986087566690347
1.2859685507224954,-3.439493626087562
3.710558187880684,-1.5531780607977856
-3.1749853082716255,-2.5120944285047266
-1.0307263114994252,-4.052360172888553
-0.9606621139631555,-4.125322526500201
4.231175978529888,-0.1913325996154633
-2.0944158398650323,3.230821122773149
2.0548407229902166,3.370119226516386
-4.042555930860708,-0.48921766548854784
-4.284554167477799,-0.9083602690703853
1.8475969474891787,3.7962870243534206
-3.1589153521637976,-2.718956420651764
3.9263185390736224,0.3493718960981001
3.4749380506060437,-1.6977976683941913
-0.376601086421212,4.101080898233622
3.717041519571929,0.9434333930465679
3.0821034560673777,2.4931493803068063
0.2438632002474486,3.9753105055150404
